No,Business Name,Phone,Website,Rating,Reviews,Address,AI Generated Cold Email
1,Drury Covent Garden | Cafe & Brunch,+44 20 7831 7555,http://www.drury188189.co.uk/,4.8,3846 reviews,"188-189 Drury Ln, London, WC2B 5QD, United Kingdom","Subject Line: Boost Sales 20%+ with AI-Powered Customer Service in Covent Garden

Dear Drury Covent Garden Team,

I came across your excellent 4.8-star Google Maps rating and noticed the exceptional experience you're providing to your customers in the heart of London. As a digital marketing agency, we've helped numerous businesses in the food and beverage industry increase their online presence and drive revenue.

Given your impressive online reputation, I'd like to explore opportunities to further enhance your customer service experience and drive more sales. Our team specializes in integrating AI-powered chatbots that can automate customer inquiries, freeing up your staff to focus on what matters most – delivering an exceptional in-house experience.

If you don't have a website, we can design a high-converting, affordable website that showcases your menu, services, and unique selling points. Our website design service includes an integrated AI chatbot that captures missing leads and provides a seamless customer experience. This can help you reach a wider audience, increase online orders, and boost your overall revenue.

If you already have a website, we can optimize and integrate an AI chatbot to enhance your customer service. Our AI-powered chatbot can:

- Answer frequent customer inquiries, reducing wait times and increasing customer satisfaction
- Send personalized promotions and offers to customers based on their preferences and purchase history
- Help customers place orders and make reservations, increasing sales and reducing no-shows
- Provide real-time feedback and analytics to help you refine your services and offerings

"
2,Kennington Lane Cafe,+44 20 7735 5853,https://cafekenningtonlane.co.uk/,4.9,10734 reviews,"383 Kennington Ln, London, SE11 5QY, United Kingdom","Subject Line: Unlock 30% More Sales in 30 Days: Proven AI Chatbot Solution for Kennington Lane Cafe

Dear Kennington Lane Cafe Team,

I've been following your outstanding performance on Google Maps, and I must say, a 4.9-star rating is an incredible achievement. However, I'd like to help you take your business to the next level by leveraging the power of AI technology.

As a local business owner in London, you likely face stiff competition from similar cafes in the area. To stand out and stay ahead, it's essential to have a robust online presence that showcases your unique offerings and provides an exceptional customer experience.

I've taken a look at your website (https://cafekenningtonlane.co.uk/), and while it's a great start, I noticed a few areas for improvement. A website alone isn't enough in today's digital landscape. With the right tools, you can automate customer service, reduce no-shows, and increase sales revenue.

That's where our AI Chatbot solution comes in. Our technology will enable you to:

* Capture missing leads and book more tables
* Automate customer service, reducing response times and increasing customer satisfaction
* Analyze customer behavior and preferences to tailor your offerings
* Boost daily sales revenue by up to 30% within the first 30 days

Our AI Chatbot is designed to be intuitive and user-friendly, ensuring that your staff can easily manage and optimize the system. We"
3,Hideaway Coffee House,No Phone Number,https://www.instagram.com/hideawaycoffee/,4.7,1228 reviews,"7 Farrier's Psge, London, W1D 7DP, United Kingdom","Subject Line: Unlock a 10% Boost in Sales this Month with AI-Powered Customer Service

Dear Hideaway Coffee House Team,

I came across your fantastic coffee house on Instagram, and I must say, your customers rave about you on Google Maps with a stellar 4.7 rating. You've clearly built a loyal following in London, and I'm excited to share a strategy that can help you take your business to the next level.

As a digital marketing agency specializing in B2B copywriting, we've helped numerous businesses like yours unlock the full potential of their online presence. With the rising trend of online ordering and in-store experiences, it's essential to have a seamless customer service system in place.

If you don't have a website yet, we can help you design a high-converting one that showcases your unique offerings and attracts more customers. Our affordable website design service comes with an AI-powered chatbot that captures missing leads, responds to customer inquiries, and provides a personalized experience for your visitors.

If you already have a website, our AI Chatbot integration/optimization service can help you automate customer service, reduce response times, and boost daily sales revenue by up to 10%. Our chatbot will learn your customers' preferences and behaviors, enabling you to offer targeted promotions, increase average order value, and gather valuable insights to refine your business strategy.

Here are a few key benefits our AI-powered chatbot can bring to your business:

- Respond to customer inquiries 24/"
4,Regency Cafe,+44 20 7821 6596,https://regencycafe.co.uk/,4.7,4838 reviews,"17-19 Regency St, London, SW1P 4BY, United Kingdom","Subject Line: Boost Your London Cafe's Online Presence in Minutes!

Dear Regency Cafe Team,

I came across your lovely cafe on Google Maps and was impressed by your 4.7-star rating! As a local business owner, you understand the importance of providing an exceptional customer experience. However, in today's digital age, it's not just about serving great food and drinks, but also about having a solid online presence that drives sales and growth.

As I took a look at your website (https://regencycafe.co.uk/), I noticed that there's an opportunity to take it to the next level. With our cutting-edge website design services, we can create a stunning online presence that not only matches your cafe's warm and inviting atmosphere but also captures missing leads and boosts your online reputation.

Here's what our website design service has to offer:

- A visually stunning, mobile-friendly website that reflects your brand's personality
- Integration with our AI-powered chatbot to engage with customers, answer frequently asked questions, and capture leads
- A user-friendly interface that makes it easy for customers to find what they're looking for and make a purchase
- Ongoing support and maintenance to ensure your website stays up-to-date and secure

If you're already happy with your website, no worries! Our AI Chatbot integration/optimization service can still help you automate your customer service, reduce response times, and increase sales revenue.

Here's how our AI Chatbot can benefit your business:

"
5,Barbican Cafe,+44 20 7490 0850,https://sitelift.site/barbicancafe/,4.9,1463 reviews,"99-101 Lever St, London, EC1V 3RQ, United Kingdom","Subject Line: Unlock 20% More Sales at Your Barbican Cafe with AI-Powered Customer Service

Dear Barbican Cafe Team,

I came across your excellent 4.9-star Google Maps rating and thought you were doing something right. As a digital marketing expert, I've worked with numerous businesses in London, helping them unlock their full potential. I'd like to introduce you to our cutting-edge AI Chatbot technology that can take your customer service to the next level.

With your current website (https://sitelift.site/barbicancafe/), you're already on the right track. However, integrating an AI Chatbot can help you capture leads that might be slipping through the cracks, resulting in lost revenue opportunities. Our AI-powered chatbot is designed to:

* Automate routine customer inquiries, freeing up your team to focus on high-value tasks
* Provide 24/7 support, ensuring customers get the help they need, even outside business hours
* Offer personalized recommendations and offers, increasing average order value and customer satisfaction

If you're looking to boost your daily sales revenue and stay ahead of the competition, our AI Chatbot integration service can help. By automating customer service, you'll be able to:

* Handle multiple conversations simultaneously, increasing efficiency and reducing response times
* Collect valuable customer data, enabling you to create targeted marketing campaigns
* Enhance the overall customer experience, leading to increased loyalty and positive reviews

Our package includes a dedicated AI Chatbot setup"
6,Old Queen Street Cafe,+44 20 3005 2320,https://oldqueenstreet.com/,4.5,770 reviews,"6 Old Queen St, London, SW1H 9HP, United Kingdom","Subject Line:  Boost Daily Sales Revenue by 20% with AI-Powered Customer Service

Dear Old Queen Street Cafe Team,

I came across your lovely cafe on Google Maps and was impressed by your 4.5-star rating. It's clear that you're doing something right in the heart of London. With a loyal customer base and a great location, I believe you're missing out on a significant opportunity to convert online leads into sales and boost your revenue.

As you may know, a website is no longer a luxury, but a necessity for any business in today's digital landscape. I'd like to offer you a high-converting, affordable website design service that will not only elevate your online presence but also integrate an AI Chatbot to capture those missing leads.

Our AI Chatbot is designed to:

- Provide 24/7 customer support, reducing the workload on your staff
- Offer personalized recommendations and promotions to customers
- Collect email addresses and phone numbers, enabling you to nurture leads and drive sales

However, I noticed that you already have a website (oldqueenstreet.com). In that case, I'd like to propose our AI Chatbot integration/optimization service to take your customer service to the next level. Our AI-powered chatbot can:

- Automate routine inquiries, freeing up staff to focus on high-value tasks
- Enhance the customer experience with personalized interactions
- Increase sales revenue by up to 20% through targeted promotions and recommendations

Our services are"
7,Cafe Parisienne,+44 20 7924 5523,No Website,4.8,1133 reviews,"225 Lavender Hill, London, SW11 1JR, United Kingdom","Subject Line: Unlock 10% More Sales Revenue with a Smart Online Presence

Dear Cafe Parisienne Team,

I came across your exceptional 4.8-star rating on Google Maps and was impressed by the rave reviews from your customers. It's clear that you're providing an unforgettable experience for your patrons. However, I noticed that your business doesn't have a website, which is a missed opportunity to capture the many potential leads who are searching for cafes like yours online.

Imagine being able to showcase your delicious offerings, share your story, and attract more customers to your charming Cafe Parisienne. A website can do just that, and we're here to help you create a stunning online presence that converts visitors into loyal customers.

Our affordable website design service integrates seamlessly with an AI-powered Chatbot that engages with leads 24/7, answering their questions, and encouraging them to visit your cafe. This means:

* A dedicated online space to share your menu, events, and promotions
* An AI-driven Chatbot to capture leads and convert them into bookings
* Enhanced visibility on search engines, driving more foot traffic to your cafe
* Easy integration with social media platforms to amplify your marketing efforts

By partnering with us, you'll not only boost your online presence but also:

* Increase your sales revenue by 10% within the first 3 months
* Improve customer engagement and loyalty through personalized interactions
* Stay ahead of the competition in the London cafe scene

If you already have a website,"
8,Art Cafe London,No Phone Number,No Website,4.8,705 reviews,"17 London Rd, Elephant and Castle, London, SE1 6JX, United Kingdom","Subject Line: Boost Your Cafe's Online Presence in 30 Days or Less!

Dear Art Cafe London Team,

I came across your outstanding Google Maps rating of 4.8 and was impressed by the love and loyalty of your customers. As a local business owner, you must be proud of what you've built in the heart of London. However, I noticed that you're missing a crucial piece of the puzzle: a professional online presence.

With no website, you're likely missing out on potential customers searching for cafes like yours online, and more importantly, you're not capturing their contact information to nurture them into repeat customers. This is where I can help.

At our agency, we specialize in creating high-converting websites that not only showcase your business but also integrate with AI-powered chatbots to capture leads, automate customer service, and boost sales revenue. Our website design service is tailored to small businesses like yours, with a focus on ease of use, mobile-friendliness, and search engine optimization (SEO).

Here's what you can expect from our 30-day website creation process:

* A custom-designed website that reflects your brand and showcases your menu, promotions, and services
* Integration with an AI-powered chatbot to capture leads, answer frequently asked questions, and provide a seamless customer experience
* Regular content updates and optimization for better SEO and online visibility
* Training and support to ensure you're comfortable using your new website and chatbot

Our website design service starts at £1,"
9,Ceylone 1948 Restaurant(operate by Paris Café Limited),+44 7886 865432,https://ceylone1948.com/,4.6,1155 reviews,"63 Park Rd, London, NW1 6XU, United Kingdom","Subject Line: Unlock 24/7 Sales Potential for Ceylone 1948 Restaurant

Dear Ceylone 1948 Restaurant Team,

I came across your excellent Google Maps rating of 4.6 and was impressed by the delicious Sri Lankan cuisine you serve at your London location. As a digital marketing expert, I noticed that your business has a strong foundation, but I'd like to suggest a few opportunities to elevate your online presence and sales.

After reviewing your website, I realized that you may not have a website that's fully optimized for conversions. While your existing website is a great starting point, I'd like to introduce you to a high-converting website design service that can help you capture more leads and drive sales. Our expert designers will create a modern, user-friendly website that showcases your brand, food, and services, while our AI chatbot integration will enable you to capture missing leads 24/7.

If you already have a website, I'd like to propose an AI Chatbot Optimization service that can automate your customer service, reduce response times, and boost your daily sales revenue. Our AI-powered chatbot will help you:

- Respond to customer inquiries 24/7, even during peak hours
- Offer personalized recommendations and promotions to increase sales
- Reduce customer support queries and improve response times
- Analyze customer behavior and preferences to optimize menu offerings

Our website design and AI chatbot services are affordable, flexible, and tailored to your business needs"
10,Bad Moon Cafe,+44 20 3654 7032,http://www.badmooncafe.co.uk/,4.8,838 reviews,"159a Great Dover St, London, SE1 4GZ, United Kingdom","Subject Line: Boost Sales & Impress Customers with AI-Powered Customer Service

Dear Bad Moon Cafe Team,

I came across your excellent 4.8-star Google Maps rating and stunning location in London. Your cafe stands out for its unique atmosphere and delicious offerings. However, I noticed that there's an untapped opportunity to elevate your customer experience and drive even more sales.

I'd like to introduce you to our cutting-edge digital solutions designed for local businesses like yours. Our expertise can help you automate customer service, capture missed leads, and boost daily sales revenue.

**Assuming you don't have a website:**

We offer a high-converting, affordable website design service integrated with a state-of-the-art AI Chatbot. This powerful combination will enable your customers to:

* Easily find and engage with your business online
* Get instant answers to common questions and book tables or orders
* Receive personalized recommendations and promotions

Our AI Chatbot will be trained on your unique business needs and preferences, ensuring seamless integration with your existing systems. We'll also provide ongoing support and optimization to ensure your website and chatbot continue to drive results.

**Assuming you already have a website:**

We can help you take your customer service to the next level by integrating a cutting-edge AI Chatbot into your existing website. This will enable your customers to:

* Get instant answers to common questions and book tables or orders 24/7
* Receive personalized recommendations and promotions
* Enjoy a seamless, human-like"
